track_name,artist_name,released_year,released_month,genre,streams,danceability,energy,valence,acousticness,speechiness,instrumentalness,duration_ms,bpm,key,mode,region
Dream Dance 110,Shawn Mendes,2019,9,Electronic,12125723,0.637,0.884,0.297,0.206,0.224,0.0956,215542,99,G,1,South America
Sun Love 419 (feat. X),Coldplay,2010,4,Country,1641522,0.512,0.485,0.797,0.231,0.092,0.0025,230017,80,F#,1,South America
Love Light 565 (feat. X),Indie Artist 67,2014,7,Latin,30137775,0.412,0.527,0.638,0.258,0.086,0.0296,177085,97,E,0,Global
Stars Shadow 77 (feat. X),Ariana Grande,2011,12,Indie,8892703,0.556,0.627,0.576,0.602,0.034,0.0419,208233,97,G,0,North America
Sun Light 181,Post Malone,2022,7,R&B,1593408,0.735,0.701,0.337,0.252,0.104,0.1211,177903,98,C,1,South America
Dance Night 284 (feat. X),Shawn Mendes,2021,6,Electronic,10455488,0.957,0.749,0.732,0.126,0.139,0.001,210922,63,B,1,North America
Night Fire 10,BTS,2022,8,Rock,11182172,0.707,0.398,0.193,0.385,0.356,0.1128,254671,127,B,1,Africa
Love Dream 469,Ed Sheeran,2018,8,Electronic,3345491,0.588,0.548,0.53,0.234,0.025,0.0033,184464,150,A#,0,Europe
Moon Sun 78 (feat. X),BTS,1997,12,Indie,4809583,0.48,0.622,0.825,0.294,0.132,0.0001,207664,90,G,1,Oceania
Dream Rain 349(Remix),Justin Bieber,1994,6,Latin,3799258,0.54,0.767,0.414,0.497,0.1,0.0047,169387,124,A#,1,Global
Sun Dance 55 (feat. X),Adele,2019,9,Hip-Hop,25871358,0.681,0.474,0.367,0.038,0.024,0.1484,218369,154,B,0,Europe
Stars Love 118Part II,Ed Sheeran,2016,4,Indie,2197289,0.479,0.675,0.78,0.488,0.062,0.0145,236629,126,F,1,North America
Stars Sun 109Part II,Ariana Grande,2000,10,Latin,3397965,0.573,0.901,0.478,0.142,0.158,0.0058,180174,87,C,1,Oceania
Night Dance 588,Beyonce,2003,2,Indie,11646853,0.641,0.552,0.479,0.507,0.1,0.0065,147730,85,C,0,South America
Moon Dream 369Part II,Shawn Mendes,2017,11,Hip-Hop,1151299,0.364,0.615,0.595,0.128,0.096,0.0122,224194,95,D,1,South America
Sun Stars 234 (feat. X),Billie Eilish,2021,1,Indie,2040383,0.841,0.676,0.811,0.37,0.089,0.0008,207514,69,D,0,South America
Shadow Light 30,Indie Artist 94,2001,1,Latin,10705930,0.491,0.555,0.485,0.232,0.077,0.0056,234554,112,D,0,North America
Night Shadow 212 (feat. X),Bruno Mars,2019,9,Hip-Hop,10915129,0.484,0.493,0.022,0.128,0.142,0.0018,227115,122,F,1,South America
Fire Stars 184,Shawn Mendes,2009,5,Country,5790436,0.57,0.634,0.354,0.135,0.335,0.0005,196363,105,A,1,Oceania
Rain Light 86,Shawn Mendes,1998,4,Hip-Hop,987141,0.71,0.483,0.517,0.163,0.314,0.1804,215687,130,G#,1,Oceania
Sun Fire 2,Taylor Swift,2006,10,Rock,11480669,0.534,0.624,0.788,0.058,0.221,0.2374,191545,152,A#,1,Asia
Shadow Rain 587,Coldplay,2005,7,Rock,21466781,0.588,0.564,0.634,0.645,0.131,0.0098,171068,80,B,0,North America
Stars Stars 535,Imagine Dragons,2013,3,R&B,8566632,0.897,0.347,0.162,0.385,0.107,0.1125,215465,127,G,0,Asia
Fire Heart 596,Dua Lipa,2020,12,Rock,1285306,0.678,0.225,0.388,0.448,0.086,0.0463,166091,102,F#,1,North America
Light Moon 368,BTS,2023,6,Country,3494868,0.73,0.113,0.356,0.11,0.062,0.0,214732,116,C#,1,South America
Dream Shadow 539,The Weeknd,2017,5,Pop,17327723,0.53,0.558,0.494,0.199,0.064,0.0204,246107,80,C,0,North America
Fire Dream 72,Bad Bunny,2012,12,Rock,9892323,0.909,0.818,0.705,0.311,0.197,0.126,197046,92,A#,0,Asia
Heart Moon 135,Indie Artist 90,1993,2,Indie,5649050,0.516,0.547,0.769,0.13,0.104,0.0625,273304,121,B,0,Africa
Rain Light 556,Post Malone,2002,1,Country,7284772,0.453,0.461,0.787,0.154,0.168,0.0157,215213,92,C,0,Asia
Dream Shadow 437 - Live,Shawn Mendes,2013,10,Rock,4487620,0.316,0.713,0.458,0.298,0.144,0.017,243379,108,A,0,Europe
Rain Love 595 (feat. X),Shawn Mendes,2002,1,Rock,9521908,0.351,0.331,0.425,0.025,0.041,0.1746,251339,152,F#,1,Oceania
Night Heart 163 (feat. X),Dua Lipa,2019,8,Indie,7940260,0.307,0.626,0.136,0.221,0.03,0.0558,223305,86,B,0,Global
Dance Sun 82 (feat. X),Ariana Grande,1994,1,Country,3291254,0.682,0.529,0.316,0.49,0.249,0.0816,245630,101,D#,1,Asia
Rain Heart 257 - Live,Taylor Swift,2009,10,Electronic,899439,0.605,0.959,0.482,0.57,0.196,0.0082,210048,118,G,1,Europe
Night Love 192 - Live,Justin Bieber,2014,8,Hip-Hop,13638260,0.378,0.425,0.701,0.294,0.371,0.143,197543,121,F#,1,Global
Love Love 453,Imagine Dragons,2015,9,Pop,2184224,0.497,0.742,0.138,0.1,0.029,0.1716,262375,124,D#,1,Europe
Moon Sun 132Part II,Taylor Swift,2010,8,Hip-Hop,11230352,0.554,0.352,0.387,0.216,0.314,0.0282,237728,115,A,0,Africa
Moon Night 515Part II,Justin Bieber,2015,11,Indie,3496148,0.49,0.535,0.496,0.618,0.369,0.0228,254867,135,G,1,Oceania
Rain Shadow 441,BTS,2003,9,Rock,48855687,0.471,0.482,0.367,0.14,0.37,0.0254,193225,100,A#,1,North America
Fire Heart 275Part II,Post Malone,2004,11,R&B,6970752,0.664,0.75,0.456,0.389,0.025,0.0234,232309,105,E,0,Africa
Rain Light 364,Drake,2012,2,Pop,5894885,0.524,0.491,0.147,0.423,0.025,0.2868,231700,142,B,0,North America
Heart Love 29,The Weeknd,2022,12,Latin,15826863,0.691,0.327,0.499,0.097,0.046,0.0136,228972,129,E,1,Asia
Fire Shadow 506,Bruno Mars,2020,6,Pop,2097868,0.411,0.379,0.521,0.101,0.039,0.008,196762,115,A,0,Africa
Dance Moon 570 (feat. X),Billie Eilish,1994,9,R&B,7052099,0.562,0.663,0.71,0.277,0.058,0.0001,165073,83,E,1,Oceania
Night Night 24,Adele,1991,8,Indie,7665429,0.493,0.619,0.449,0.688,0.017,0.0196,199143,108,F#,1,Asia
Dream Light 182 (feat. X),The Weeknd,2012,7,Country,27922936,0.578,0.367,0.394,0.154,0.203,0.0323,278173,127,A,0,Global
Moon Love 473 (feat. X),Dua Lipa,1990,2,Country,4296528,0.717,0.719,0.67,0.263,0.17,0.0096,195151,89,A#,0,Asia
Stars Moon 104 (feat. X),Post Malone,2005,5,Pop,39917003,0.579,0.648,0.383,0.016,0.154,0.3116,200517,101,G,1,North America
Dream Fire 63,Bad Bunny,2015,7,Rock,771797,0.555,0.629,0.501,0.203,0.315,0.0237,192704,60,B,0,Global
Rain Heart 490Part II,Coldplay,2019,7,R&B,17216000,0.66,0.237,0.327,0.21,0.059,0.0529,262908,127,E,1,North America
Light Rain 245Part II,Indie Artist 45,1996,6,Indie,1675565,0.428,0.697,0.769,0.054,0.244,0.0503,225024,92,C#,1,Oceania
Fire Love 248,Coldplay,2023,2,Rock,29696769,0.818,0.603,0.381,0.219,0.242,0.0035,199839,106,G#,0,Global
Night Dance 101Part II,Shawn Mendes,2016,2,Electronic,618374,0.6,0.571,0.358,0.144,0.07,0.028,210694,137,F#,1,Africa
Night Rain 555 - Live,Drake,1991,7,Pop,796184,0.866,0.655,0.64,0.069,0.08,0.011,174210,102,F,0,Africa
Dance Dance 591 (feat. X),Billie Eilish,2004,12,Country,18090474,0.584,0.563,0.724,0.498,0.154,0.1079,250582,104,G#,1,North America
Night Night 356 - Live,Adele,2014,6,Electronic,3533857,0.473,0.513,0.606,0.319,0.304,0.2126,201471,125,C#,1,Asia
Heart Stars 209,Dua Lipa,2008,12,Hip-Hop,8057764,0.585,0.726,0.449,0.402,0.256,0.1966,228645,98,E,0,Global
Dream Moon 165,Billie Eilish,2022,2,Hip-Hop,6529019,0.314,0.837,0.515,0.221,0.201,0.01,202747,125,B,1,Asia
Shadow Stars 137,Beyonce,2014,5,Pop,26392538,0.816,0.936,0.722,0.324,0.072,0.0389,210931,91,A#,1,Asia
Sun Sun 195(Remix),Post Malone,2015,7,Pop,34810316,0.663,0.396,0.746,0.533,0.261,0.0455,197211,130,F#,1,Africa
Night Sun 76,Dua Lipa,2004,8,Indie,27611039,0.61,0.693,0.187,0.239,0.161,0.0015,228988,101,F,0,Oceania
Night Stars 176(Remix),Billie Eilish,1998,12,Latin,1609919,0.983,0.484,0.329,0.224,0.023,0.0267,237413,79,G#,1,Europe
Moon Heart 329,Imagine Dragons,2015,8,Electronic,6484047,0.625,0.914,0.6,0.441,0.113,0.08,181738,99,C#,1,Oceania
Sun Shadow 536Part II,Drake,2004,6,R&B,3176881,0.628,1.0,0.327,0.583,0.086,0.0394,205867,80,D#,0,North America
Rain Fire 548(Remix),Ariana Grande,1999,1,Hip-Hop,5627304,0.535,0.557,0.554,0.256,0.072,0.0119,256683,114,B,0,South America
Rain Heart 70Part II,Imagine Dragons,1997,9,Pop,7428894,0.569,0.447,0.384,0.252,0.264,0.0572,166504,87,C#,1,Africa
Rain Dream 561,Taylor Swift,1992,5,Hip-Hop,12828302,0.54,0.793,0.441,0.252,0.025,0.1525,233101,140,G#,0,South America
Moon Dream 589(Remix),BTS,2013,4,Latin,2291004,0.662,0.566,0.404,0.305,0.011,0.0234,171981,107,A#,1,North America
Rain Moon 81,Billie Eilish,2010,4,Rock,15247918,0.56,0.455,0.619,0.241,0.152,0.0197,239780,126,E,0,Global
Fire Rain 316,Justin Bieber,1993,8,Indie,1346339,0.713,0.376,0.495,0.022,0.042,0.3672,192404,106,D,1,Global
Stars Stars 304(Remix),Imagine Dragons,2001,6,Latin,7144246,0.905,0.684,0.402,0.29,0.03,0.225,216297,104,C#,0,Asia
Rain Night 6 (feat. X),Coldplay,1996,8,Indie,17201166,0.477,0.644,0.549,0.133,0.147,0.1129,200930,109,D#,0,Europe
Stars Rain 423,Indie Artist 51,2006,7,Indie,2091001,0.537,0.858,0.134,0.028,0.25,0.0073,198465,68,G,0,Global
Stars Fire 374Part II,Taylor Swift,2010,6,Rock,13331153,0.723,0.565,0.559,0.433,0.001,0.0224,231879,83,A,1,Asia
Rain Light 429,Billie Eilish,1996,4,Rock,13517166,0.69,0.855,0.559,0.224,0.242,0.0773,171056,126,A,0,Asia
Shadow Fire 537,Beyonce,2023,8,Country,17730908,0.556,0.727,0.468,0.137,0.158,0.0262,208441,115,F,0,Africa
Rain Stars 312,Bad Bunny,2006,3,Country,5797834,0.489,0.562,0.785,0.209,0.145,0.2307,198703,107,B,0,Europe
Moon Rain 238 (feat. X),Ariana Grande,2014,11,Country,1648406,0.581,0.752,0.477,0.202,0.284,0.0128,207955,114,B,0,Europe
Moon Fire 559,Imagine Dragons,1997,5,Hip-Hop,13012627,0.445,0.625,0.673,0.459,0.099,0.1148,189869,88,C,0,South America
Love Dance 432(Remix),Coldplay,2010,8,Latin,3667930,0.475,0.681,0.235,0.52,0.177,0.0039,239291,128,F,0,Europe
Rain Dream 286 - Live,Ariana Grande,1994,4,Indie,7169768,0.713,0.718,0.694,0.171,0.095,0.0056,185534,101,F,0,South America
Dream Moon 426,Imagine Dragons,2018,6,Pop,16457100,0.848,0.889,0.681,0.068,0.07,0.1262,185653,116,A#,1,Asia
Rain Shadow 598,BTS,2006,2,Indie,9716416,0.755,0.577,0.218,0.177,0.02,0.1711,176589,106,G#,1,North America
Love Rain 361 - Live,Drake,2002,5,Indie,24203555,0.692,0.677,0.28,0.247,0.014,0.035,204200,139,C,0,South America
Dream Moon 73,Dua Lipa,2007,2,R&B,1113286,0.672,0.354,0.538,0.217,0.186,0.0311,214226,74,B,0,Europe
Fire Shadow 39,Billie Eilish,1991,1,Latin,268463,0.58,0.234,0.646,0.548,0.022,0.0465,207024,85,E,1,Oceania
Stars Stars 155(Remix),Justin Bieber,2000,3,Indie,7640300,0.781,0.74,0.593,0.387,0.15,0.0316,201895,121,D,0,Global
Love Night 218,Post Malone,2017,6,R&B,3974064,0.174,0.693,0.456,0.282,0.008,0.0412,221799,114,D,1,North America
Fire Light 370,Beyonce,1990,1,Pop,10881511,0.564,0.684,0.604,0.155,0.249,0.0199,246493,62,C,0,North America
Sun Heart 210,Shawn Mendes,2006,8,Latin,13441324,0.58,0.891,0.436,0.579,0.012,0.0304,226449,111,C#,1,Africa
Dream Light 235Part II,Ed Sheeran,2001,9,R&B,7483126,0.607,0.673,0.643,0.286,0.175,0.0671,210972,107,G,1,South America
Heart Fire 546 (feat. X),Post Malone,2001,12,Electronic,37183738,0.289,0.563,0.387,0.107,0.123,0.0731,192809,128,G,1,South America
Sun Moon 60Part II,Post Malone,2009,12,Country,58179159,0.605,0.531,0.593,0.115,0.138,0.0306,249392,131,G,1,North America
Sun Light 300Part II,Drake,1996,2,Indie,3115679,0.575,0.895,0.463,0.184,0.087,0.035,173742,118,C,0,North America
Dream Heart 259,Justin Bieber,2020,5,Hip-Hop,1627112,0.639,0.784,0.46,0.072,0.161,0.0197,177141,60,G#,1,Africa
Rain Heart 280,Ed Sheeran,1992,10,Hip-Hop,18325926,0.659,0.682,0.184,0.27,0.063,0.0275,233941,86,A,0,North America
Fire Dream 228,Billie Eilish,2010,8,Country,6243347,0.599,0.812,0.225,0.287,0.262,0.0237,207455,140,G#,1,Europe
Dream Rain 11 - Live,Bruno Mars,1999,7,Indie,1759350,0.34,0.86,0.677,0.13,0.196,0.0142,220997,91,D#,1,South America
Fire Fire 412,Billie Eilish,1998,4,Latin,14493405,0.661,0.416,0.289,0.48,0.032,0.0266,245446,152,B,1,Europe
Fire Heart 83,Justin Bieber,2019,9,Electronic,3929989,0.679,0.848,0.703,0.034,0.327,0.1395,235026,123,D#,1,Asia
Night Moon 90,Shawn Mendes,2016,10,R&B,11235020,0.738,0.502,0.529,0.164,0.037,0.001,215059,118,A#,0,North America
Shadow Dance 208Part II,Bad Bunny,2010,3,Hip-Hop,2609785,0.749,0.402,0.205,0.089,0.2,0.0247,215266,115,F,1,South America
Moon Dream 538,Adele,2017,3,Rock,1261166,0.511,0.829,0.477,0.253,0.163,0.0218,159959,96,F#,0,Global
Dream Night 335,Shawn Mendes,1996,5,Latin,1212781,0.705,0.578,0.829,0.548,0.055,0.0032,280134,92,C,0,Global
Stars Fire 79 (feat. X),BTS,2014,8,Country,20718617,0.599,0.836,0.386,0.038,0.213,0.052,197167,103,C#,1,North America
Dance Moon 434,The Weeknd,1991,5,R&B,6828561,0.699,0.529,0.819,0.447,0.038,0.0133,233521,117,F,1,Oceania
Moon Love 140Part II,Bad Bunny,2001,3,Latin,10316157,0.647,0.736,0.622,0.116,0.09,0.0803,242729,129,D,0,Oceania
Fire Dance 281 - Live,Indie Artist 93,2021,4,Pop,7392943,0.417,0.676,0.492,0.043,0.467,0.0,194892,106,F,1,North America
Shadow Shadow 268 (feat. X),Drake,2017,3,Electronic,11198685,0.667,0.51,0.41,0.305,0.015,0.097,204483,113,G#,0,Global
Rain Shadow 414,Drake,1999,1,Rock,30040732,0.652,0.535,0.625,0.518,0.232,0.0049,113518,144,A,1,Global
Love Rain 199 - Live,Bruno Mars,2007,5,Pop,18448975,0.862,0.692,0.403,0.057,0.067,0.315,197740,95,C,0,Europe
Sun Fire 464Part II,BTS,2013,1,Latin,22404460,0.454,0.356,0.53,0.205,0.152,0.1163,172014,145,B,1,North America
Stars Dream 575,Billie Eilish,1998,6,Indie,9429381,0.559,0.625,0.6,0.22,0.049,0.0205,258705,88,F#,0,Africa
Shadow Stars 584,The Weeknd,2007,3,Hip-Hop,23091060,0.399,0.71,0.614,0.4,0.041,0.0197,184205,135,A#,1,Global
Heart Dream 371 - Live,Dua Lipa,1991,4,Rock,7046283,0.703,0.793,0.646,0.169,0.096,0.0641,220001,60,C,1,Europe
Stars Light 399 - Live,Bad Bunny,2006,10,Pop,6315264,0.904,0.971,0.276,0.23,0.138,0.0317,202288,115,F,0,North America
Fire Love 340,Adele,2013,12,R&B,14126564,0.745,0.545,0.154,0.376,0.126,0.0119,208792,72,F,1,Europe
Dance Heart 148,Billie Eilish,2020,6,Electronic,6266781,0.521,0.246,0.402,0.158,0.287,0.1035,192333,93,B,0,Asia
Night Love 494,Post Malone,2009,5,Pop,5190527,0.747,0.53,0.848,0.313,0.14,0.0106,260311,100,D,0,North America
Moon Heart 439,Post Malone,2015,11,Electronic,64241,0.645,0.734,0.652,0.258,0.105,0.0871,204760,137,C#,0,South America
Stars Moon 145 - Live,Drake,1993,11,Latin,2840721,0.573,0.321,0.402,0.346,0.088,0.0113,198617,116,C#,0,South America
Shadow Stars 9 (feat. X),Coldplay,2007,6,Pop,32388220,0.589,0.549,0.559,0.102,0.253,0.2475,177971,107,C,0,Oceania
Fire Light 375,Shawn Mendes,2020,1,Pop,6498131,0.563,0.534,0.502,0.075,0.057,0.0328,203993,137,D#,0,Asia
Light Moon 523 - Live,Justin Bieber,2017,3,Electronic,18167471,0.204,0.45,0.243,0.24,0.048,0.0001,228705,146,A,1,Asia
Heart Love 188,Taylor Swift,2023,2,Rock,1743324,0.226,0.426,0.826,0.236,0.007,0.0017,257833,134,G#,1,Asia
Moon Heart 131 (feat. X),BTS,2013,4,Hip-Hop,2097461,0.839,0.422,0.607,0.079,0.067,0.0001,222748,105,A#,1,Africa
Heart Shadow 572 (feat. X),Dua Lipa,1992,9,Hip-Hop,43943409,0.74,0.648,0.243,0.345,0.198,0.1272,268088,98,D,1,Africa
Dream Stars 298(Remix),Ed Sheeran,1991,5,Indie,12372668,0.703,0.49,0.489,0.471,0.029,0.0044,206953,100,D#,0,Global
Light Moon 586,Dua Lipa,2021,1,R&B,10027337,0.431,0.829,0.188,0.522,0.047,0.0485,183138,78,G,1,North America
Shadow Stars 446,The Weeknd,2013,12,Electronic,15605511,0.551,0.957,0.189,0.046,0.089,0.0001,215306,116,C#,0,North America
Heart Light 84,Dua Lipa,1995,5,Country,7109972,0.885,0.799,0.476,0.402,0.074,0.2213,181936,131,F,1,Europe
Moon Moon 592,The Weeknd,2019,8,Latin,233028,0.417,0.513,0.278,0.239,0.051,0.0519,148362,115,A#,1,Europe
Stars Night 177,Bad Bunny,2021,11,Electronic,19924001,0.838,0.703,0.78,0.061,0.038,0.0737,252776,98,A#,0,Europe
Stars Night 153 (feat. X),Indie Artist 45,1993,9,Indie,232095,0.615,0.833,0.356,0.289,0.179,0.1892,181119,90,E,0,Oceania
Dance Night 452 - Live,The Weeknd,2021,7,Indie,3225336,0.559,0.705,0.556,0.413,0.036,0.0537,185190,113,A,1,Asia
Light Love 196Part II,BTS,2015,11,Rock,3489277,0.731,0.588,0.515,0.249,0.027,0.0021,217943,117,C#,1,Africa
Night Light 75 (feat. X),Coldplay,2014,9,Pop,37651593,0.454,0.439,0.571,0.147,0.04,0.0007,137272,127,E,0,Europe
Rain Moon 92,Ariana Grande,1992,4,Rock,1575024,0.306,0.732,0.671,0.48,0.26,0.1326,205970,126,C,0,Africa
Night Dance 296 (feat. X),The Weeknd,1993,1,Hip-Hop,28763486,0.316,0.656,0.262,0.175,0.128,0.0056,236345,94,F#,1,South America
Love Heart 68,Indie Artist 17,2007,7,Hip-Hop,11390093,0.567,0.55,0.561,0.315,0.1,0.1706,178835,120,A,0,Africa
Love Light 15,Bruno Mars,2014,11,Hip-Hop,10149380,0.393,0.348,0.613,0.173,0.14,0.002,232661,120,E,0,Oceania
Rain Dance 204,Justin Bieber,2011,8,R&B,2090523,0.36,0.439,0.603,0.443,0.025,0.021,206288,121,B,1,Africa
Shadow Night 158Part II,Ed Sheeran,1994,8,Country,2272500,0.338,0.705,0.487,0.329,0.31,0.2014,171385,82,G,1,South America
Light Dream 88,Justin Bieber,2012,5,Pop,16331913,0.944,0.619,0.479,0.249,0.159,0.0105,200723,94,G,0,South America
Light Shadow 497(Remix),Justin Bieber,1993,11,Indie,1373627,0.129,0.743,0.599,0.373,0.091,0.0015,204028,113,F#,1,Oceania
Night Shadow 117,Ariana Grande,2003,5,R&B,3142872,0.447,0.819,0.664,0.134,0.172,0.1218,158396,111,C#,1,Africa
Stars Heart 382(Remix),Bruno Mars,1999,5,Rock,8124356,0.742,0.61,0.584,0.183,0.026,0.1687,197080,126,G#,1,Asia
Dream Stars 405,Shawn Mendes,1991,3,Electronic,997829,0.329,0.714,0.476,0.154,0.22,0.0159,251863,104,C#,0,Europe
Moon Fire 33,Beyonce,2016,11,Hip-Hop,3273949,0.555,0.455,0.299,0.104,0.093,0.0299,214993,119,A,0,Asia
Love Light 0Part II,Beyonce,1992,2,R&B,9094907,0.922,0.714,0.095,0.291,0.01,0.0018,238361,135,D#,0,Africa
Night Dance 593Part II,Coldplay,2007,5,Latin,24011133,0.51,0.458,0.545,0.467,0.075,0.0465,183400,90,F,1,North America
Light Light 531,Bad Bunny,2001,8,Rock,46619177,0.504,0.774,0.59,0.453,0.058,0.0009,230138,124,F,0,Oceania
Night Light 353 (feat. X),Imagine Dragons,2015,5,Electronic,787726,0.646,0.679,0.48,0.038,0.011,0.0184,185345,121,C#,0,Europe
Heart Dream 332,Imagine Dragons,2016,5,R&B,13281624,0.93,0.536,0.522,0.393,0.081,0.0822,262981,165,A#,0,Asia
Heart Shadow 534,The Weeknd,2020,4,Latin,16790777,0.291,0.744,0.675,0.197,0.119,0.0467,239978,131,F,0,Asia
Rain Fire 244Part II,Indie Artist 36,2011,8,Country,3489406,0.568,0.668,0.638,0.268,0.207,0.0014,250757,102,E,0,Europe
Fire Night 22(Remix),Ed Sheeran,2023,11,Rock,21908617,0.608,0.797,0.162,0.344,0.04,0.0401,164917,104,F,0,Europe
Rain Shadow 440(Remix),Justin Bieber,2021,11,Electronic,6328495,0.267,1.0,0.799,0.281,0.044,0.0742,225270,133,G,0,Europe
Sun Love 116,Shawn Mendes,2019,12,Latin,21681935,0.63,0.822,0.286,0.231,0.005,0.0027,211024,95,C#,0,North America
Dance Stars 89 - Live,Shawn Mendes,2018,2,Country,10184948,0.319,0.621,0.468,0.414,0.13,0.0068,234940,106,C,1,Global
Dance Moon 365,Beyonce,2008,1,R&B,23454733,0.6,0.708,0.527,0.488,0.195,0.0003,192269,118,C,1,Global
Light Dance 211 - Live,Justin Bieber,2016,3,Hip-Hop,3487001,0.742,0.414,0.471,0.464,0.192,0.1803,235927,103,C#,0,Asia
Light Dance 18 (feat. X),Drake,1997,8,R&B,2153335,0.688,0.698,0.707,0.3,0.199,0.0096,236772,111,C#,0,Africa
Light Night 407Part II,Coldplay,2013,7,Pop,6718617,0.565,0.463,0.633,0.436,0.363,0.0607,152724,134,E,0,Global
Night Rain 320 - Live,Taylor Swift,2015,7,Country,4723949,0.51,0.299,0.478,0.414,0.12,0.0004,158455,85,G#,0,Europe
Dance Heart 144,Ed Sheeran,2020,8,Country,26068521,0.693,0.713,0.339,0.134,0.229,0.1235,203824,95,A#,0,Africa
Love Night 289 (feat. X),Post Malone,2005,3,Pop,4327638,0.669,0.838,0.466,0.188,0.091,0.1477,184450,129,A#,0,Asia
Moon Moon 274 (feat. X),Billie Eilish,2022,3,Rock,29193360,0.71,0.697,0.643,0.582,0.012,0.0007,209559,73,A#,1,Europe
Dance Dream 541 - Live,Shawn Mendes,2018,11,R&B,18373233,0.668,0.379,0.476,0.276,0.024,0.0409,222555,100,F#,0,South America
Moon Heart 360Part II,Imagine Dragons,2023,2,Country,14179083,0.687,0.683,0.808,0.359,0.191,0.0267,163383,141,G#,0,Oceania
Dance Shadow 250 - Live,Shawn Mendes,2018,1,Latin,10858715,0.568,0.769,0.827,0.494,0.075,0.1369,193089,118,E,1,Africa
Shadow Shadow 287Part II,Indie Artist 64,2002,3,Country,10191545,0.304,0.465,0.592,0.187,0.027,0.0006,169924,124,E,1,Asia
Sun Dance 528,Indie Artist 34,2011,10,Indie,3265837,0.618,0.634,0.73,0.432,0.352,0.4314,187111,134,D,1,North America
Night Sun 400 (feat. X),Bad Bunny,2001,11,Electronic,4036193,0.703,0.52,0.329,0.131,0.35,0.0754,223101,118,F,0,Africa
Dream Night 167,Billie Eilish,2017,6,Rock,2005411,0.531,0.475,0.269,0.026,0.03,0.0128,232839,87,A#,0,Oceania
Rain Fire 54,Justin Bieber,2001,8,Country,6403996,0.716,0.576,0.468,0.09,0.161,0.0365,211910,112,A,1,Asia
Sun Dance 493,Dua Lipa,2022,7,Latin,3728312,0.809,0.549,0.323,0.258,0.03,0.1711,226996,97,A,1,Oceania
Love Dance 46 - Live,Imagine Dragons,2016,4,Electronic,8002011,0.9,0.306,0.385,0.324,0.223,0.1753,201255,120,D#,1,Europe
Dream Fire 93 - Live,Drake,2003,7,R&B,10472993,0.796,0.301,0.707,0.414,0.029,0.0647,205481,95,G#,0,Global
Dream Sun 264,Bruno Mars,2013,5,Country,35066858,0.777,1.0,0.674,0.39,0.203,0.0275,193972,113,G,0,Africa
Dance Sun 108 - Live,Coldplay,1995,2,R&B,3704136,0.689,0.618,0.81,0.156,0.116,0.1924,254695,102,F#,0,Oceania
Moon Love 272,Beyonce,1992,1,Rock,459480,0.239,0.656,0.856,0.053,0.138,0.0619,246834,141,A,0,Africa
Rain Night 599,Bad Bunny,1990,10,Latin,409622,0.459,0.259,0.468,0.196,0.053,0.0037,182901,119,G,1,Africa
Fire Night 479,Imagine Dragons,2000,8,Hip-Hop,68848,0.43,0.704,0.993,0.17,0.37,0.0178,199814,129,G,1,Oceania
Shadow Fire 436Part II,Coldplay,2012,11,Pop,10146902,1.0,0.438,1.0,0.163,0.063,0.0383,167526,136,A#,1,Oceania
Night Night 383 - Live,BTS,2014,6,Pop,10028803,0.526,0.0,0.418,0.227,0.044,0.0439,217424,109,A#,1,North America
Rain Rain 380 (feat. X),Coldplay,2020,8,Electronic,8215412,0.764,0.455,0.395,0.101,0.37,0.0101,208575,114,F,1,Europe
Rain Moon 462,Post Malone,2006,2,Indie,17339577,0.492,0.625,0.666,0.328,0.05,0.002,218576,113,B,0,Oceania
Love Rain 394(Remix),Coldplay,2019,2,Rock,15968862,0.648,0.516,0.424,0.337,0.162,0.0167,189174,99,G,1,North America
Heart Rain 265 (feat. X),Taylor Swift,2019,7,Hip-Hop,8607769,0.989,0.805,0.409,0.267,0.184,0.002,184428,119,C,0,Global
Night Dance 480,Billie Eilish,1999,7,Hip-Hop,17907651,0.401,0.548,0.803,0.519,0.023,0.1268,225153,145,A#,0,Asia
Love Sun 517 (feat. X),Dua Lipa,1995,1,Hip-Hop,9996884,0.536,0.319,0.231,0.411,0.043,0.0926,239855,128,G#,0,Global
Dream Love 69Part II,Bruno Mars,2011,6,Rock,50135119,0.586,0.585,0.663,0.216,0.096,0.0183,248692,123,F#,1,Asia
Rain Light 231Part II,Bad Bunny,2023,1,Pop,6354260,0.455,0.977,0.198,0.305,0.058,0.0104,203745,98,F#,1,Asia
Rain Light 403,Imagine Dragons,1994,1,R&B,8227374,0.437,0.825,0.718,0.303,0.123,0.0754,188534,132,E,0,Africa
Dance Love 278,Bad Bunny,2022,4,R&B,17447237,0.754,0.69,0.55,0.236,0.181,0.0072,172991,72,F#,1,Asia
Dream Night 472,Ed Sheeran,1998,10,Country,16660709,0.79,0.425,0.477,0.123,0.054,0.0681,191811,97,A,1,North America
Love Heart 350,The Weeknd,2022,2,Indie,2232463,0.288,0.558,0.929,0.034,0.044,0.0304,198968,100,E,0,Africa
Sun Sun 509(Remix),The Weeknd,2019,11,Rock,1384548,0.667,0.55,0.678,0.481,0.068,0.0114,177039,110,A#,0,Africa
Stars Dream 149,BTS,1999,2,Hip-Hop,2423011,0.518,0.75,0.279,0.305,0.222,0.0531,199180,120,G,0,Oceania
Love Moon 124 (feat. X),BTS,2012,5,Country,11726789,0.559,0.366,0.666,0.468,0.033,0.0026,220217,143,A#,0,Oceania
Dance Light 428,BTS,2006,12,R&B,14274558,0.799,0.612,0.642,0.187,0.07,0.0617,263971,97,C#,0,Europe
Fire Light 465,Shawn Mendes,2001,11,Pop,23570129,0.666,0.93,0.342,0.306,0.085,0.1755,258792,114,F,0,Global
Sun Sun 185,Imagine Dragons,1997,5,R&B,1629072,0.608,0.409,0.357,0.261,0.039,0.1545,200296,89,D,0,Oceania
Dream Night 227(Remix),Coldplay,1997,3,Indie,6948460,0.344,0.613,0.384,0.148,0.004,0.0071,219733,73,E,1,North America
Shadow Dance 291(Remix),Shawn Mendes,2009,9,Pop,62577108,0.632,0.507,0.544,0.491,0.09,0.0123,185954,118,C,1,Global
Fire Fire 247 (feat. X),Shawn Mendes,2021,2,Latin,12034564,0.456,0.757,0.79,0.086,0.231,0.1813,235574,85,G#,1,North America
Night Light 290 - Live,Coldplay,1993,1,Country,21093947,0.488,0.943,0.213,0.242,0.055,0.0122,212794,131,C,0,Europe
Light Dance 249(Remix),Billie Eilish,1992,3,Pop,1539158,0.709,0.625,0.746,0.163,0.25,0.0338,201673,135,A#,0,South America
Rain Rain 443,Shawn Mendes,1997,12,Pop,1298167,0.48,0.64,0.592,0.127,0.126,0.0,259587,151,F#,1,South America
Heart Sun 551 (feat. X),Adele,1994,9,R&B,11163771,0.765,0.849,0.491,0.303,0.013,0.028,229631,115,G#,1,Europe
Rain Rain 552,Shawn Mendes,2006,11,R&B,18120769,0.572,0.617,0.294,0.263,0.116,0.111,194535,121,F,1,Oceania
Rain Sun 550,BTS,1990,7,Latin,14452,0.42,0.681,0.609,0.137,0.088,0.0006,188760,93,A,1,Africa
Heart Shadow 114 - Live,Bad Bunny,2018,10,Latin,3468217,0.751,0.245,0.679,0.067,0.142,0.0002,230589,79,C#,1,Europe
Night Heart 203,Ariana Grande,2014,2,Electronic,1586561,0.643,0.687,0.406,0.124,0.077,0.0417,183273,82,D,1,Global
Dream Love 141Part II,Taylor Swift,2012,5,Pop,10437191,0.65,0.918,0.402,0.093,0.069,0.4238,226479,98,D#,1,North America
Rain Love 338,Coldplay,1991,2,Hip-Hop,10450787,0.378,0.646,0.878,0.143,0.066,0.0844,165527,102,E,1,Asia
Dream Stars 7Part II,Dua Lipa,2008,11,Hip-Hop,695405,0.791,0.739,0.599,0.193,0.062,0.0387,253534,129,D#,1,South America
Fire Light 521,Beyonce,1995,11,Electronic,9110719,0.777,0.496,0.559,0.286,0.088,0.0127,200307,136,G,1,North America
Rain Sun 19 (feat. X),The Weeknd,2013,12,Rock,1491775,0.625,0.702,0.325,0.141,0.444,0.1116,224369,116,A,1,South America
Moon Moon 172,Drake,2006,10,Pop,1855750,0.45,0.787,0.88,0.215,0.293,0.0683,182861,133,F#,1,Asia
Stars Shadow 451(Remix),The Weeknd,2007,3,Latin,6321803,0.7,0.565,0.466,0.169,0.098,0.469,236370,91,C,1,North America
Night Fire 56,Billie Eilish,1997,1,Rock,16021455,0.414,0.536,0.591,0.266,0.441,0.0043,152606,121,E,0,North America
Stars Love 301,Imagine Dragons,1993,6,Country,6399768,0.409,0.205,0.82,0.281,0.188,0.1852,134046,94,E,1,North America
Rain Dream 336 (feat. X),Indie Artist 29,1997,2,Hip-Hop,16240714,0.756,0.372,0.596,0.22,0.053,0.0314,166750,126,G,1,South America
Dream Stars 450 (feat. X),Bruno Mars,2020,6,Hip-Hop,1052889,0.773,0.809,0.587,0.253,0.122,0.2744,196526,131,B,0,Asia
Stars Rain 322Part II,Bad Bunny,1994,8,Country,4446362,0.787,0.821,0.433,0.046,0.112,0.0033,224642,145,G,0,Europe
Moon Moon 310 - Live,Shawn Mendes,2000,1,R&B,7916876,0.556,0.551,0.675,0.162,0.036,0.028,231765,75,G,0,Europe
Love Night 49,BTS,2003,10,Electronic,8492670,0.588,0.765,0.569,0.736,0.315,0.0662,216522,109,F#,1,Asia
Heart Sun 344,Drake,2019,6,Country,17597073,0.346,0.781,0.386,0.345,0.19,0.017,217977,112,E,1,Asia
Shadow Shadow 25,Ed Sheeran,1997,6,Indie,15104199,0.587,0.605,0.359,0.165,0.167,0.1585,177568,122,C#,0,Africa
Love Moon 442,Coldplay,2005,1,R&B,22528752,0.539,0.804,0.819,0.302,0.135,0.0181,182597,109,A#,1,Africa
Shadow Rain 220,Bad Bunny,2009,10,R&B,3070938,0.494,0.52,0.523,0.206,0.044,0.0003,235787,111,G#,0,South America
Light Shadow 483Part II,Shawn Mendes,1996,11,Hip-Hop,10735610,0.551,0.576,0.53,0.409,0.24,0.2557,208963,128,B,1,Global
Heart Moon 540,Post Malone,2021,4,Latin,3842307,0.688,0.601,0.608,0.195,0.298,0.0,170385,117,A#,0,Global
Stars Moon 42,Ed Sheeran,1993,5,R&B,5980709,0.596,1.0,0.401,0.495,0.12,0.0263,263448,114,D,1,Global
Shadow Rain 416(Remix),Shawn Mendes,2013,7,R&B,33583979,0.457,0.502,0.544,0.376,0.07,0.0397,221151,101,A#,1,Europe
Sun Shadow 261 (feat. X),Shawn Mendes,2023,8,Hip-Hop,5685219,0.471,0.454,0.817,0.122,0.052,0.1792,249612,92,D#,0,South America
Dream Heart 408,Ariana Grande,2017,8,Indie,720786,0.622,0.667,0.68,0.381,0.14,0.0726,246197,110,F#,1,Global
Rain Heart 277 - Live,Bad Bunny,2011,4,Rock,41613697,0.49,0.595,0.741,0.45,0.076,0.0089,186994,111,G#,1,Oceania
Shadow Shadow 569,Drake,2008,8,Pop,20410807,0.678,0.229,0.586,0.324,0.076,0.0001,176879,116,A,0,Oceania
Night Fire 381 - Live,Coldplay,1993,3,R&B,1129430,0.854,0.878,0.18,0.025,0.681,0.0033,188393,87,A,0,Global
Light Love 411,Shawn Mendes,2017,1,Indie,1403722,0.461,0.461,0.488,0.049,0.087,0.212,195481,118,A#,0,North America
Love Moon 154,Indie Artist 99,2023,5,Pop,124052,0.749,0.787,0.282,0.162,0.054,0.0012,212556,60,B,1,North America
Shadow Night 126,Bad Bunny,2014,8,Latin,3325212,0.807,0.509,0.553,0.288,0.052,0.0004,254617,118,A#,0,Oceania
Rain Dance 309 (feat. X),Ariana Grande,2007,12,Latin,11542149,0.706,0.539,0.546,0.395,0.321,0.0554,212489,76,C#,1,North America
Dream Dream 519 - Live,Post Malone,1992,3,Rock,367886,0.527,0.486,1.0,0.394,0.158,0.0122,251743,105,D#,1,Global
Dream Rain 445(Remix),Indie Artist 22,2019,9,Latin,9676620,0.522,1.0,0.651,0.377,0.048,0.0074,197552,140,G,0,Africa
Sun Shadow 174 - Live,Drake,1994,9,Country,9552071,0.813,0.314,0.222,0.19,0.048,0.2712,260291,91,C,0,Asia
Love Light 31Part II,Indie Artist 75,1991,9,Country,14344925,0.667,0.562,0.726,0.16,0.067,0.0758,204393,101,C,0,South America
Moon Stars 113 (feat. X),Post Malone,2000,8,Hip-Hop,12073393,0.569,0.475,0.283,0.238,0.117,0.0181,161902,72,C#,1,South America
Sun Dream 23,Adele,2008,8,Rock,1821839,0.599,0.363,0.661,0.115,0.256,0.1255,192790,99,A,1,Oceania
Stars Moon 173,Adele,2014,2,Pop,9758811,0.468,0.532,0.546,0.207,0.078,0.0486,228252,165,G#,0,Asia
Rain Fire 557(Remix),Post Malone,1992,1,R&B,4930440,0.476,0.783,0.656,0.269,0.159,0.0038,256345,122,A,0,Africa
Light Light 66,Indie Artist 54,1993,5,Country,146188,0.398,0.425,0.74,0.17,0.084,0.0007,228213,136,A,0,North America
Dance Moon 57 (feat. X),Coldplay,2001,10,Indie,993008,0.844,0.495,0.297,0.23,0.211,0.024,173710,123,C#,1,Africa
Dream Stars 321(Remix),Post Malone,1999,2,Latin,13289823,0.382,0.936,0.176,0.073,0.027,0.0782,143292,99,G,0,Asia
Shadow Moon 222Part II,Ed Sheeran,2007,11,Indie,24439681,0.499,0.403,0.382,0.288,0.074,0.0344,238733,114,A#,0,South America
Night Stars 17 (feat. X),Taylor Swift,2001,10,Pop,13729696,0.513,0.695,0.788,0.019,0.171,0.0004,217632,98,E,0,North America
Moon Heart 299,Coldplay,2014,12,Indie,14370742,0.388,0.795,0.469,0.123,0.325,0.1509,255463,117,G#,1,Oceania
Rain Moon 255,Billie Eilish,2002,7,Indie,6354542,0.409,0.375,0.441,0.227,0.338,0.1838,252208,100,D#,0,Oceania
Night Dream 305(Remix),BTS,2000,9,Country,27584609,0.903,0.641,0.411,0.274,0.08,0.0016,267008,130,D,1,South America
Light Love 573(Remix),Billie Eilish,2003,2,Indie,5356673,0.487,0.442,0.465,0.263,0.206,0.1675,181043,116,A#,0,South America
Light Dream 190 (feat. X),Shawn Mendes,1998,1,Country,7655944,0.618,0.642,0.349,0.015,0.09,0.1013,215821,98,B,1,South America
Moon Shadow 318(Remix),Indie Artist 90,2022,11,Electronic,6055682,0.584,0.95,0.151,0.137,0.078,0.0046,221365,123,C#,0,North America
Shadow Love 527 (feat. X),Post Malone,2020,9,Rock,7151275,0.713,0.54,0.419,0.195,0.048,0.0597,210948,130,A,1,Global
Light Night 271(Remix),Adele,2018,4,Pop,5782258,0.289,0.429,0.588,0.545,0.138,0.1118,230496,92,A#,1,North America
Rain Love 94 - Live,Shawn Mendes,2003,11,Country,13565718,0.356,0.829,0.878,0.198,0.116,0.02,202236,141,E,1,Global
Stars Dance 180 - Live,Adele,2011,5,R&B,991195,0.515,0.755,0.528,0.081,0.493,0.0443,197868,95,D#,0,Global
Night Dream 331Part II,Justin Bieber,2013,10,Indie,4726846,0.583,0.548,0.389,0.465,0.045,0.0073,234606,126,B,0,Asia
Stars Fire 328,Dua Lipa,2010,11,Country,19966972,0.728,0.82,0.568,0.158,0.062,0.2888,212828,89,C#,1,South America
Moon Heart 311 (feat. X),Billie Eilish,2009,11,Electronic,11148599,0.8,0.485,1.0,0.077,0.164,0.0255,211434,98,F,1,Asia
Heart Night 5,Beyonce,2022,2,Rock,36095394,0.887,0.792,0.142,0.115,0.194,0.0531,185235,103,E,1,Africa
Shadow Light 45 (feat. X),Ariana Grande,2011,12,R&B,15241427,0.921,0.607,0.524,0.421,0.142,0.1273,166068,78,D#,1,Oceania
Fire Moon 398 - Live,Ed Sheeran,2016,10,Pop,36091718,0.722,0.448,0.151,0.137,0.266,0.1919,156892,88,C,1,Europe
Rain Dance 576 - Live,Imagine Dragons,1995,2,Rock,28468673,0.531,0.572,0.419,0.074,0.142,0.2238,191969,107,A,0,Oceania
Rain Stars 468 (feat. X),Ed Sheeran,1996,2,Indie,40723,0.401,0.747,0.297,0.183,0.136,0.0123,259812,94,A#,1,Africa
Moon Fire 16 - Live,Post Malone,2011,6,Pop,10172730,0.631,0.768,0.348,0.224,0.069,0.0309,197776,130,F,0,South America
Heart Shadow 48 (feat. X),Post Malone,2001,5,Pop,11521186,0.785,0.449,0.604,0.249,0.095,0.0016,189373,124,G#,1,Global
Sun Moon 579(Remix),BTS,2003,4,R&B,631576,0.615,0.379,0.418,0.424,0.257,0.0967,153908,110,F#,0,Global
Dance Dance 487,Beyonce,2008,9,Country,4531588,0.559,0.759,0.608,0.35,0.054,0.0174,227367,147,A,0,Global
Dream Light 3,Taylor Swift,2011,6,R&B,34057525,0.666,0.58,0.403,0.308,0.156,0.0986,232418,122,F,1,North America
Night Heart 486 - Live,Adele,1992,7,Electronic,4283993,0.709,0.163,0.664,0.168,0.047,0.039,273061,108,G,0,Global
Heart Heart 438 (feat. X),BTS,1991,8,Latin,12389443,0.716,0.741,0.567,0.303,0.002,0.0873,219022,125,F,1,North America
Heart Heart 362,Post Malone,2022,2,R&B,7995074,0.821,0.565,0.544,0.362,0.099,0.1457,168557,114,F#,0,Europe
Shadow Night 433,Imagine Dragons,1994,10,Electronic,15179993,0.74,0.691,0.297,0.192,0.155,0.0524,201721,102,C,0,Asia
Heart Dream 302,Imagine Dragons,1994,10,Hip-Hop,31657995,0.482,0.924,0.672,0.155,0.17,0.0233,186561,92,A,1,Oceania
Stars Moon 225 - Live,Adele,2002,3,Electronic,18172156,0.369,0.571,0.403,0.187,0.133,0.0001,207065,87,F,1,Asia
Fire Fire 26,Coldplay,2002,5,Indie,27199183,0.649,0.375,0.685,0.311,0.03,0.0657,239154,109,G,0,North America
Moon Moon 424,Bad Bunny,2019,5,Hip-Hop,6680452,0.423,0.326,0.559,0.156,0.239,0.0429,217027,93,C#,0,Oceania
Night Shadow 263 - Live,Bruno Mars,2002,8,Hip-Hop,1968089,0.475,0.339,0.55,0.387,0.194,0.1855,131255,160,B,1,South America
Heart Moon 50 - Live,Beyonce,2013,9,Indie,24381994,0.901,0.519,0.513,0.221,0.015,0.0422,202428,142,E,0,Global
Heart Sun 229,Drake,2018,1,Electronic,10310106,0.761,0.502,0.348,0.129,0.218,0.196,252734,64,D#,0,Global
Dream Dance 37 (feat. X),Justin Bieber,2017,9,Pop,2072330,0.544,0.45,0.362,0.294,0.246,0.0086,200766,114,G#,1,Africa
Rain Light 157Part II,Dua Lipa,2014,3,Pop,32180682,0.64,0.829,0.646,0.232,0.217,0.0062,222700,151,A,0,North America
Light Moon 237Part II,Shawn Mendes,2001,11,Electronic,5834728,0.539,0.626,0.617,0.236,0.26,0.0001,224619,131,G,0,Europe
Moon Rain 574 - Live,Dua Lipa,2010,8,Rock,31512937,0.607,0.504,0.519,0.045,0.246,0.0355,213637,130,G#,1,Europe
Stars Stars 175Part II,The Weeknd,2015,10,Electronic,4544232,0.651,0.431,0.543,0.072,0.159,0.0001,241357,116,F#,1,Africa
Light Moon 514(Remix),Drake,2008,2,Electronic,31436324,0.598,0.401,0.44,0.111,0.084,0.0602,188184,106,B,0,South America
Rain Shadow 357(Remix),Coldplay,2011,11,Pop,5346882,0.636,0.421,0.213,0.215,0.207,0.0024,208006,102,D#,1,Oceania
Fire Moon 194,Dua Lipa,1999,9,Electronic,18355727,0.505,0.558,0.649,0.264,0.077,0.0073,216382,98,D,0,Global
Night Light 503Part II,Dua Lipa,2011,2,R&B,3041644,0.481,0.092,0.443,0.192,0.046,0.1883,165533,133,G#,0,South America
Love Dream 578,Shawn Mendes,1994,8,Electronic,1429088,0.379,0.615,0.509,0.367,0.025,0.0019,176043,91,G,0,Oceania
Love Dance 511,Bad Bunny,2007,1,Hip-Hop,31731905,0.638,0.687,0.431,0.216,0.183,0.0016,241576,73,F,0,Global
Love Heart 67Part II,Shawn Mendes,2005,8,R&B,2763336,0.642,0.433,0.628,0.471,0.139,0.0491,178655,70,A#,1,Oceania
Moon Shadow 319,Ed Sheeran,2008,7,Electronic,9334295,0.59,0.815,0.475,0.012,0.527,0.0008,211011,115,A#,1,Oceania
Fire Night 168 - Live,Bad Bunny,2019,3,R&B,13416922,0.544,0.813,0.596,0.22,0.161,0.006,163948,72,E,0,South America
Light Night 367 (feat. X),BTS,2007,9,Indie,2376426,0.693,0.926,0.632,0.439,0.455,0.0085,234994,97,C,1,Europe
Light Heart 162 - Live,Shawn Mendes,2022,9,Rock,29783490,0.806,0.857,0.793,0.203,0.319,0.1439,204424,116,D,1,South America
Love Shadow 193,Indie Artist 77,2003,7,R&B,18273119,0.628,0.737,0.711,0.187,0.1,0.0082,232923,79,A,0,Europe
Night Moon 152,Dua Lipa,1997,2,Country,303464,0.367,0.546,0.55,0.138,0.028,0.0064,204733,123,D#,0,North America
Rain Dream 501 - Live,Indie Artist 36,2001,8,Pop,17308380,0.433,0.813,0.268,0.264,0.198,0.0021,204165,123,A,1,Europe
Heart Fire 346,Adele,2021,9,Latin,16999511,0.738,0.783,0.381,0.167,0.008,0.0624,188313,103,E,1,Europe
Dance Dream 485 (feat. X),The Weeknd,1997,10,Hip-Hop,280273,0.656,0.441,0.718,0.381,0.118,0.0001,237203,105,B,1,Europe
Stars Dance 333,The Weeknd,2012,3,Pop,16602714,0.948,0.709,0.318,0.293,0.2,0.1099,171649,92,C,1,Asia
Stars Night 103 (feat. X),BTS,1996,1,Country,11916690,0.596,0.487,0.503,0.477,0.025,0.0067,190088,127,F#,0,Asia
Rain Dance 390 - Live,BTS,2008,7,Latin,5932855,0.715,0.525,0.592,0.143,0.173,0.0063,210899,104,C,0,Asia
Rain Moon 74,Taylor Swift,2002,10,Rock,33897552,0.53,0.313,0.603,0.239,0.276,0.0965,221859,98,F#,1,Global
Moon Rain 422Part II,Bad Bunny,1999,9,Hip-Hop,4064847,0.725,0.511,0.367,0.398,0.229,0.0066,180928,147,B,0,Asia
Fire Sun 577,BTS,2012,12,R&B,8859581,0.471,0.69,0.102,0.172,0.191,0.1002,262944,94,F#,0,Oceania
Moon Shadow 119 (feat. X),Ariana Grande,2015,10,R&B,15666798,0.589,0.524,0.635,0.131,0.177,0.0267,193958,104,D,0,Global
Dream Fire 396,The Weeknd,1996,12,Pop,6110731,0.774,0.386,0.898,0.29,0.054,0.0232,241832,101,F,1,Africa
Dream Dance 409(Remix),Coldplay,2010,5,Pop,19652865,0.325,0.669,0.773,0.12,0.097,0.2875,245399,104,C,1,Europe
Sun Love 481 (feat. X),Indie Artist 5,2020,11,Rock,4541017,0.332,1.0,0.659,0.173,0.019,0.0639,212049,112,C#,1,Africa
Love Dream 207(Remix),Bruno Mars,1992,10,Electronic,11293542,0.772,0.491,0.223,0.174,0.027,0.0027,185785,112,D#,1,Asia
Sun Sun 334,Imagine Dragons,2023,12,Country,16673523,0.4,0.841,0.81,0.405,0.05,0.0301,221953,114,G,1,Asia
Love Light 352Part II,Taylor Swift,2003,2,R&B,43677680,0.835,0.425,0.846,0.466,0.004,0.0453,188823,108,C#,1,Asia
Moon Rain 341 (feat. X),Justin Bieber,2007,7,R&B,6342230,0.523,0.532,0.205,0.431,0.012,0.0105,208101,96,G#,0,Oceania
Moon Love 404 - Live,Imagine Dragons,2000,10,Rock,2222339,0.531,0.661,0.591,0.344,0.051,0.0214,186178,117,A,1,Africa
Light Fire 8 - Live,Indie Artist 22,2008,12,Latin,11852090,0.731,0.633,0.938,0.135,0.033,0.0577,232258,139,G,1,Africa
Night Fire 377,Justin Bieber,1999,3,Country,2031702,0.574,0.78,0.407,0.116,0.284,0.003,204814,101,D#,1,Global
Sun Fire 36,Drake,2020,4,Electronic,8201844,0.979,0.504,0.402,0.568,0.115,0.0624,240255,140,E,0,Global
Moon Fire 139(Remix),Bad Bunny,1998,4,Rock,1110449,0.714,0.429,0.787,0.171,0.061,0.0486,201232,116,G#,0,Oceania
Stars Rain 253,Beyonce,2010,9,R&B,11981220,0.439,0.622,0.34,0.12,0.06,0.0237,229569,77,A#,1,Oceania
Light Night 303(Remix),Coldplay,2009,11,Indie,24087239,0.508,0.568,0.478,0.493,0.125,0.0119,246718,106,E,0,Africa
Dream Light 542,BTS,1993,7,Hip-Hop,2588860,0.738,0.673,0.337,0.073,0.034,0.0516,169768,92,F,1,North America
Light Sun 59,The Weeknd,2010,3,Hip-Hop,11724778,0.621,0.635,0.438,0.258,0.066,0.0584,145413,126,C,0,Asia
Stars Fire 111,Bruno Mars,2002,7,Rock,19738635,0.634,0.994,0.121,0.16,0.134,0.0049,219955,150,D#,1,Oceania
Sun Fire 363 (feat. X),Drake,2003,11,Indie,3974251,0.502,0.608,0.575,0.191,0.006,0.0018,254093,97,D,1,South America
Dream Shadow 354,Imagine Dragons,2005,11,Pop,6175889,0.471,0.561,0.297,0.021,0.028,0.0805,168113,125,D,0,South America
Night Moon 262(Remix),Dua Lipa,2003,6,R&B,28362255,0.576,0.567,0.331,0.181,0.06,0.0059,211516,139,C,0,North America
Dance Dance 525,Billie Eilish,2019,2,Country,13615732,0.602,0.712,0.407,0.585,0.302,0.0181,213434,107,F,1,South America
Light Moon 297,Adele,1999,5,Hip-Hop,4657746,0.703,0.59,0.304,0.129,0.069,0.0,189418,97,E,0,Africa
Night Light 150,Ariana Grande,2001,9,Pop,7843,0.644,0.668,0.771,0.575,0.074,0.2338,191794,119,F,0,South America
Sun Love 266(Remix),Drake,2000,3,Latin,22156645,0.484,0.89,0.545,0.423,0.008,0.1314,168701,80,G,0,Asia
Sun Sun 518(Remix),Imagine Dragons,2014,7,Electronic,24557692,0.633,0.786,0.885,0.117,0.024,0.0042,220202,98,E,0,North America
Moon Shadow 530 - Live,Coldplay,1992,3,Country,2844450,0.57,0.527,0.706,0.698,0.127,0.0029,179786,144,G#,0,North America
Dream Rain 38(Remix),Beyonce,2017,10,Latin,9351432,0.586,0.65,0.622,0.239,0.163,0.0144,221013,99,C#,0,Europe
Dream Sun 431,Imagine Dragons,2014,4,Rock,43296174,0.991,0.619,0.372,0.153,0.038,0.3343,200405,99,C,0,Oceania
Heart Heart 307 (feat. X),Justin Bieber,2016,7,R&B,30054217,0.746,0.371,0.424,0.351,0.107,0.0433,133393,91,C#,0,Africa
Shadow Dance 198,The Weeknd,2018,12,R&B,5993125,0.646,0.676,0.508,0.119,0.233,0.0027,206809,78,G,0,Global
Stars Light 355 - Live,Bruno Mars,1992,11,Indie,1194774,0.465,0.462,0.408,0.384,0.078,0.0004,204950,121,A#,0,South America
Light Stars 146,Indie Artist 75,2004,10,Country,23999486,0.312,0.573,0.77,0.252,0.47,0.0537,206497,97,A,1,South America
Light Night 470Part II,BTS,1995,7,Hip-Hop,9716671,0.672,0.649,0.474,0.46,0.112,0.0459,227971,85,F,0,Asia
Rain Stars 532 - Live,Drake,2004,8,Electronic,7258410,0.654,0.613,0.611,0.097,0.029,0.0018,212757,114,C,0,Asia
Light Night 147 (feat. X),Beyonce,2008,4,Indie,15492075,0.875,0.747,0.596,0.194,0.172,0.0977,197266,130,A#,0,Asia
Night Heart 420 (feat. X),Justin Bieber,2016,8,R&B,14436202,0.595,0.667,0.453,0.225,0.126,0.061,159195,107,B,0,Global
Night Dream 348,Taylor Swift,2008,12,Indie,11539440,0.744,0.581,0.747,0.363,0.058,0.0294,215333,105,G,0,North America
Stars Sun 325,The Weeknd,1993,3,Indie,904117,0.54,0.688,0.601,0.441,0.089,0.0016,180998,94,G,0,Africa
Heart Stars 513(Remix),Imagine Dragons,2013,12,Pop,9165454,0.517,0.516,0.503,0.057,0.125,0.0677,184849,85,F#,0,Africa
Fire Heart 123,Beyonce,2023,11,Latin,1443030,0.612,0.872,0.377,0.082,0.048,0.0103,221878,99,F,1,Global
Love Dream 502Part II,Bad Bunny,2017,10,Latin,9066592,0.445,0.759,0.509,0.406,0.127,0.1204,189281,129,A,0,Asia
Rain Dream 96(Remix),Bad Bunny,1998,12,Latin,712511,0.411,0.444,0.512,0.407,0.138,0.0799,224900,109,C,0,South America
Dance Sun 143 - Live,Beyonce,2015,11,Latin,21853392,0.8,0.424,1.0,0.11,0.092,0.0005,205529,87,A,0,Asia
Light Love 239,Coldplay,2009,11,Indie,5267343,0.769,0.828,0.302,0.326,0.073,0.1435,245203,104,G,0,North America
Heart Rain 425,Dua Lipa,2009,3,Country,8290222,0.489,0.474,0.325,0.383,0.171,0.1274,204117,105,A#,1,Global
Dance Night 97,Justin Bieber,2011,9,Indie,3101359,0.515,0.648,0.854,0.163,0.135,0.2344,184717,98,B,1,Europe
Stars Shadow 324(Remix),Taylor Swift,2013,3,Rock,4880164,0.606,0.797,0.486,0.044,0.089,0.0013,242658,114,A#,0,South America
Stars Shadow 279(Remix),Adele,2016,12,Hip-Hop,11109814,0.49,0.302,0.435,0.089,0.051,0.1113,223080,126,G,1,South America
Fire Fire 293,Bad Bunny,2019,7,Electronic,4340317,0.774,0.306,0.319,0.187,0.035,0.1783,172732,87,G#,1,Europe
Love Shadow 477 - Live,Ed Sheeran,2004,3,Country,1373433,0.47,0.602,0.532,0.44,0.056,0.1943,253644,77,G#,1,Oceania
Shadow Heart 122,Justin Bieber,2015,7,Latin,4849802,0.344,0.572,0.39,0.213,0.112,0.0088,208540,83,E,1,North America
Dance Moon 183Part II,Coldplay,1999,4,Rock,11790794,0.407,0.653,0.529,0.267,0.173,0.0057,218585,60,B,1,South America
Dream Dance 202,Billie Eilish,1990,2,Latin,4414896,0.525,0.459,0.348,0.037,0.002,0.0007,174832,102,G,1,Oceania
Light Light 323,Bruno Mars,2001,12,Latin,12626285,0.614,0.417,0.17,0.29,0.546,0.0197,223528,130,F,0,Global
Rain Love 246Part II,Bad Bunny,2015,11,Electronic,46917574,0.711,0.485,0.543,0.114,0.01,0.1991,206176,105,B,0,Asia
Sun Night 512,BTS,1993,8,Indie,2308416,0.637,0.76,0.21,0.092,0.151,0.0107,188958,89,D#,1,Asia
Stars Fire 457 - Live,Shawn Mendes,2002,12,Rock,33365102,0.681,0.76,0.469,0.14,0.013,0.1122,197020,153,F#,0,North America
Stars Fire 478Part II,Shawn Mendes,2010,11,Rock,14231314,0.586,0.564,0.413,0.419,0.048,0.0419,244390,104,E,0,South America
Moon Sun 499,Dua Lipa,1996,8,Rock,1405707,0.62,0.641,0.786,0.358,0.246,0.213,200782,137,A,0,Europe
Dream Dance 529,Justin Bieber,2017,9,Indie,8557114,0.709,0.552,0.765,0.348,0.246,0.1227,265436,133,G#,0,Europe
Night Stars 388(Remix),Bad Bunny,1990,10,Pop,1810499,0.718,0.28,0.643,0.161,0.223,0.0421,277317,60,C,1,North America
Moon Stars 125 - Live,Coldplay,2015,12,Latin,6294058,0.709,0.608,0.449,0.329,0.059,0.1502,196829,144,A#,0,Africa
Rain Stars 581(Remix),Indie Artist 72,2020,11,Electronic,13492473,0.535,0.517,0.115,0.205,0.209,0.0067,200450,99,F#,0,Oceania
Shadow Sun 223Part II,Shawn Mendes,1997,11,Country,10929908,0.468,0.924,0.353,0.491,0.109,0.2084,206077,132,A#,1,North America
Shadow Dream 342,BTS,2011,6,R&B,26251554,0.529,0.365,0.321,0.032,0.089,0.0066,188256,92,D,0,Africa
Fire Heart 53,Bad Bunny,2019,9,Latin,15195416,0.685,0.737,0.556,0.246,0.046,0.0098,251760,140,F#,0,Asia
Stars Sun 219Part II,Coldplay,2022,9,Rock,10286791,0.519,0.64,0.298,0.101,0.1,0.0041,243821,121,C#,1,Africa
Night Dance 129(Remix),Billie Eilish,2006,9,Indie,12776574,0.544,0.474,0.402,0.411,0.041,0.0196,225984,119,D,0,Oceania
Night Love 543 - Live,Bad Bunny,2019,2,R&B,617338,0.354,0.365,0.596,0.184,0.059,0.0604,200937,141,G#,1,South America
Moon Sun 393Part II,Dua Lipa,1994,6,R&B,644308,0.389,0.56,0.475,0.266,0.003,0.0109,196998,98,F#,1,Global
Stars Stars 447Part II,Ariana Grande,2017,2,Country,2699665,0.619,0.315,0.394,0.138,0.058,0.0157,213158,113,A,1,Oceania
Love Shadow 545,Indie Artist 17,2023,1,Electronic,1848796,0.814,0.667,0.534,0.229,0.01,0.0802,214720,129,F#,1,Oceania
Rain Sun 395 (feat. X),Coldplay,2009,7,Rock,7490882,0.803,0.606,0.164,0.234,0.33,0.0867,147858,94,B,0,South America
Night Sun 566 - Live,Billie Eilish,2018,10,Electronic,11754537,0.376,0.57,0.557,0.18,0.203,0.0925,178368,81,G,1,North America
Dream Light 402,Billie Eilish,1991,10,Rock,4795287,0.731,0.614,0.537,0.105,0.083,0.1727,207569,109,B,1,Africa
Love Love 386 (feat. X),Beyonce,2021,7,Rock,7625248,0.44,0.591,0.882,0.364,0.163,0.033,221740,93,D#,0,Oceania
Shadow Night 580,Shawn Mendes,2020,6,Latin,3224633,0.395,0.487,0.46,0.721,0.049,0.0273,203690,114,B,1,Europe
Heart Dance 294,Dua Lipa,2018,2,Latin,641725,0.436,0.588,0.586,0.293,0.123,0.0526,210743,92,D#,0,Africa
Dream Dream 500,Drake,2021,7,Indie,7176755,0.566,0.9,0.364,0.122,0.328,0.0,248799,120,G#,0,Global
Stars Love 482 (feat. X),Billie Eilish,2008,10,Electronic,10109102,0.719,0.9,0.435,0.256,0.194,0.2212,248253,159,D#,1,South America
Shadow Rain 415(Remix),The Weeknd,2011,7,Latin,31744435,0.618,0.48,0.052,0.327,0.184,0.0291,202579,77,G,0,Oceania
Light Dance 112,Billie Eilish,1993,1,R&B,11685235,0.396,0.677,0.504,0.123,0.272,0.0454,209978,122,F#,1,Asia
Night Shadow 179,Post Malone,2022,5,Pop,1970465,0.677,1.0,0.392,0.025,0.027,0.0003,217649,132,F#,1,Europe
Fire Fire 421 - Live,The Weeknd,1997,7,Hip-Hop,14263267,0.524,0.655,0.354,0.15,0.069,0.0081,177599,158,C,1,Africa
Shadow Fire 467,BTS,2008,2,Country,16882568,0.582,0.449,0.679,0.343,0.088,0.0124,158821,152,E,1,Global
Sun Rain 449,Imagine Dragons,2004,6,R&B,21363897,0.653,0.289,0.475,0.055,0.084,0.0156,211256,162,C,0,North America
Heart Night 373,Ed Sheeran,2021,9,Electronic,7133984,0.493,0.329,0.198,0.185,0.122,0.0085,220383,119,E,1,Global
Stars Night 314,Imagine Dragons,2021,8,Pop,3699272,0.648,0.549,0.628,0.144,0.009,0.0,137847,112,D#,0,Africa
Shadow Night 151,Billie Eilish,2009,10,Pop,6745115,0.521,0.85,0.423,0.337,0.024,0.0002,245989,105,F,1,Europe
Moon Moon 582,Adele,1992,6,Latin,6794955,0.673,0.636,0.655,0.07,0.196,0.1195,181426,96,A#,0,Europe
Rain Moon 233,Indie Artist 98,2019,7,R&B,5349363,0.658,0.397,0.726,0.277,0.337,0.0679,197946,131,A,0,Global
Night Love 306(Remix),Ariana Grande,2011,7,Electronic,16086471,0.775,0.47,0.371,0.043,0.107,0.0774,230606,105,F,0,Oceania
Light Stars 549,Adele,2019,11,R&B,19723059,0.42,0.87,0.419,0.338,0.017,0.1322,211378,105,F,0,Asia
Moon Heart 164,Billie Eilish,1999,7,Latin,4404451,0.263,0.827,0.434,0.16,0.093,0.0775,224736,102,F#,1,Global
Moon Heart 317,Shawn Mendes,2023,6,Pop,481016,0.491,0.955,0.188,0.536,0.032,0.0385,223719,151,G#,1,Oceania
Rain Love 136,Ariana Grande,2011,4,Country,825300,0.7,0.682,0.791,0.262,0.191,0.0034,223895,120,F,0,Asia
Stars Dream 410,Drake,2011,10,Hip-Hop,35737645,0.344,0.461,0.787,0.412,0.278,0.0363,214871,119,D,0,Europe
Moon Light 197 (feat. X),Beyonce,2016,9,Pop,1336561,0.657,0.685,0.687,0.067,0.112,0.417,233798,107,F,0,Europe
Fire Fire 568 (feat. X),Adele,2019,2,R&B,18518721,0.882,0.624,0.694,0.015,0.232,0.3031,149899,133,D#,1,Oceania
Rain Shadow 258Part II,Taylor Swift,2008,2,Pop,16803531,0.621,0.404,0.326,0.2,0.063,0.1334,233435,90,B,0,Africa
Fire Stars 232,Indie Artist 73,2013,8,Indie,9444249,0.432,0.531,0.364,0.173,0.083,0.3697,183215,119,E,0,South America
Shadow Night 115 (feat. X),Imagine Dragons,2012,12,Electronic,8725372,0.898,0.455,0.692,0.366,0.309,0.0067,179213,60,F,1,Africa
Dance Moon 120 - Live,Coldplay,2019,5,Latin,137804,0.589,0.327,0.429,0.303,0.127,0.0102,242914,87,D#,1,Asia
Sun Heart 488 (feat. X),Ed Sheeran,2020,10,R&B,31609257,0.334,0.893,0.537,0.496,0.165,0.1892,174365,85,A,1,Africa
Stars Shadow 376 (feat. X),Indie Artist 30,2013,11,Electronic,11123959,0.558,0.822,0.31,0.27,0.007,0.0084,260769,63,B,0,Global
Light Fire 384Part II,Drake,2015,3,Latin,22093169,0.817,0.517,0.414,0.05,0.012,0.002,240298,83,F#,0,Europe
Dance Night 224,Justin Bieber,2009,8,Country,5854119,0.485,0.594,0.06,0.364,0.06,0.0237,201078,105,C,0,Asia
Light Shadow 567 - Live,The Weeknd,2017,4,Rock,19540511,0.634,0.487,1.0,0.127,0.068,0.0347,226968,139,G,0,Africa
Dance Light 456,Justin Bieber,2014,3,Indie,9459067,0.931,0.614,0.0,0.487,0.07,0.0624,189503,124,A,1,Africa
Moon Dance 347 (feat. X),Bad Bunny,2001,11,Pop,2821367,0.732,0.583,0.561,0.325,0.222,0.0253,243039,124,F,0,Global
Light Dream 127(Remix),Dua Lipa,2019,4,Indie,32385014,0.668,0.348,0.541,0.363,0.104,0.028,201910,105,E,1,North America
Dance Shadow 590 - Live,Justin Bieber,2019,11,Pop,1555246,0.62,0.455,0.485,0.351,0.037,0.0147,220157,119,D,0,Global
Love Moon 285 (feat. X),Ariana Grande,2016,9,Pop,1442052,0.539,0.142,0.764,0.208,0.292,0.038,215397,126,D#,0,Europe
Dance Light 553 - Live,Coldplay,2001,6,Indie,2806322,0.694,0.664,0.244,0.512,0.351,0.039,236034,114,C#,0,Oceania
Stars Fire 43,Ed Sheeran,1994,9,Electronic,5180974,0.294,0.42,0.444,0.416,0.218,0.0003,221804,98,D#,0,Oceania
Shadow Dream 107,Beyonce,1990,8,Latin,1593717,0.43,0.561,0.0,0.637,0.163,0.012,256427,123,B,1,Asia
Shadow Fire 564,Imagine Dragons,1990,6,Electronic,1279683,0.671,0.11,0.533,0.073,0.121,0.0174,159175,95,B,0,Asia
Stars Light 444,Adele,1991,5,Electronic,7602768,0.574,0.729,0.756,0.221,0.141,0.144,219344,105,D#,1,South America
Shadow Heart 133(Remix),Justin Bieber,1995,8,Pop,4935502,0.462,0.678,0.339,0.265,0.0,0.0003,238754,115,D,0,Europe
Rain Shadow 495Part II,The Weeknd,2021,9,Latin,13457635,0.497,0.517,0.526,0.143,0.034,0.0062,203309,115,D,0,North America
Fire Dream 44 (feat. X),Bad Bunny,2019,12,Pop,1002077,0.763,0.621,0.69,0.131,0.064,0.0049,194121,109,D,1,North America
Dream Shadow 169,Drake,2004,11,Electronic,9967738,0.544,0.679,0.537,0.187,0.108,0.1866,196406,127,G,1,Oceania
Moon Heart 65,Taylor Swift,2018,7,Latin,26716902,0.771,0.398,0.18,0.087,0.034,0.0499,199040,113,C,1,Oceania
Heart Dance 283,Justin Bieber,2001,6,Latin,5553789,0.749,0.632,0.551,0.187,0.187,0.1602,200076,99,A#,1,Europe
Night Light 85 - Live,Coldplay,2019,4,R&B,3967428,0.655,0.931,0.455,0.357,0.053,0.2399,237074,114,F,0,North America
Sun Stars 242,Adele,2023,8,Electronic,11877539,0.648,0.831,0.759,0.252,0.141,0.0442,193984,96,G,1,North America
Stars Sun 186(Remix),Shawn Mendes,1994,3,Latin,37680896,0.523,0.875,0.633,0.217,0.184,0.0305,199299,120,B,0,Global
Heart Love 326,Ariana Grande,2018,7,Country,696404,0.615,0.183,0.835,0.194,0.363,0.007,239142,123,A,0,South America
Fire Sun 159(Remix),BTS,2018,11,Hip-Hop,4773168,0.372,0.09,0.41,0.265,0.134,0.2416,209195,99,F,1,Europe
Dream Sun 12,Coldplay,1998,11,Hip-Hop,5089671,0.591,0.772,0.303,0.379,0.093,0.0342,225437,134,C#,0,North America
Dance Stars 35 (feat. X),Justin Bieber,2011,10,Country,10785534,0.474,0.63,0.427,0.285,0.145,0.0118,194471,114,C#,0,South America
Fire Dream 28,Drake,2012,7,Rock,13124810,0.324,0.37,0.375,0.259,0.203,0.0989,272439,103,G,1,Oceania
Dance Night 170,Bad Bunny,2015,1,Latin,10823975,0.843,0.765,0.156,0.565,0.125,0.0004,184594,134,G,1,South America
Light Heart 142,Bad Bunny,2008,6,Country,13479273,0.619,0.409,0.796,0.501,0.051,0.0022,194070,120,C#,0,Asia
Moon Stars 236 - Live,Billie Eilish,2002,9,Electronic,9460786,0.479,0.673,0.346,0.14,0.079,0.049,243241,97,F#,1,South America
Rain Night 463 (feat. X),Beyonce,2006,4,Rock,36709885,0.538,0.733,0.455,0.047,0.324,0.0768,214504,124,C#,1,South America
Dance Night 496,Dua Lipa,2022,9,Indie,5028209,0.864,0.509,0.157,0.347,0.086,0.0001,223122,94,A#,0,North America
Shadow Moon 221,The Weeknd,2006,1,Pop,21232873,0.435,0.856,0.477,0.189,0.158,0.0146,246364,100,A,1,Oceania
Moon Moon 544(Remix),Shawn Mendes,2022,11,Hip-Hop,3626377,0.66,0.63,0.667,0.195,0.005,0.0295,201948,117,G#,0,Asia
Shadow Moon 95,BTS,2002,4,Hip-Hop,27641007,0.705,0.54,0.735,0.445,0.011,0.1355,178097,92,D#,1,South America
Stars Heart 51(Remix),Adele,2020,2,Electronic,6213000,0.668,0.814,0.254,0.255,0.084,0.008,184591,78,A#,1,Africa
Moon Light 240(Remix),Ed Sheeran,2020,7,Country,3343557,0.396,0.64,0.61,0.344,0.232,0.0051,213721,97,D#,0,Europe
Heart Rain 507,Beyonce,2019,6,Pop,9729905,0.559,0.427,1.0,0.258,0.229,0.0762,246616,150,B,1,South America
Love Fire 351,Beyonce,1995,11,Rock,13788876,0.659,0.625,0.92,0.349,0.512,0.1084,167333,109,C#,0,South America
Dream Sun 516 - Live,Shawn Mendes,2016,3,Latin,4154123,0.502,0.264,0.415,0.275,0.034,0.1764,268236,111,D,1,Africa
Dream Moon 178,Imagine Dragons,2008,6,Indie,6378050,0.633,0.424,0.482,0.268,0.043,0.0285,268597,113,C#,1,Africa
Love Light 460(Remix),Taylor Swift,2002,9,Indie,615757,0.268,0.565,0.667,0.094,0.152,0.0511,240811,97,F#,1,Global
Rain Dream 526,Drake,2008,2,Hip-Hop,29870115,0.336,0.555,0.306,0.399,0.154,0.0081,206288,124,D#,1,Africa
Light Heart 41,Indie Artist 57,1996,3,Hip-Hop,396802,0.799,0.635,0.642,0.136,0.027,0.0004,190421,104,C,0,Africa
Dream Heart 554,Ed Sheeran,2020,10,R&B,26533446,0.467,0.427,0.551,0.222,0.228,0.024,207859,144,C,0,Asia
Night Rain 522,Coldplay,2014,8,Electronic,23280273,0.374,0.591,0.382,0.233,0.013,0.0006,260599,96,C#,0,Asia
Stars Sun 206 (feat. X),Imagine Dragons,2005,10,Pop,1702478,0.657,0.489,0.358,0.523,0.265,0.0723,176785,87,B,0,North America
Shadow Sun 392 (feat. X),Coldplay,1999,9,Electronic,4993184,0.68,0.263,0.457,0.081,0.315,0.0153,291688,92,C,1,Asia
Light Dance 282 - Live,Beyonce,2017,9,Indie,37259914,0.485,0.397,0.562,0.05,0.018,0.0018,223801,114,B,0,North America
Sun Moon 358,Adele,2004,1,Latin,13282591,0.666,0.353,0.713,0.19,0.103,0.1456,249162,78,D#,1,Africa
Moon Fire 397 (feat. X),Bad Bunny,1996,1,R&B,20006746,0.491,0.731,0.314,0.188,0.078,0.1324,263264,80,G,1,Asia
Fire Night 254Part II,BTS,1995,3,Latin,40519228,0.672,0.41,0.665,0.077,0.404,0.026,189769,95,D,1,Africa
Dance Shadow 217,Bruno Mars,1992,3,R&B,7153955,0.363,0.903,0.869,0.134,0.138,0.2079,239856,86,F,0,Oceania
Heart Night 4Part II,Drake,2023,8,Pop,6384952,0.792,0.494,0.609,0.122,0.063,0.0096,201868,97,F,1,Africa
Night Heart 256,Billie Eilish,2009,6,R&B,27338494,0.509,0.707,0.582,0.267,0.021,0.0663,149009,152,C#,0,Asia
Stars Dance 563,Coldplay,2022,5,Country,20833464,0.906,0.56,0.854,0.039,0.146,0.0693,201611,107,G,0,Global
Love Shadow 533Part II,Ed Sheeran,1998,9,Latin,7704507,0.57,0.611,0.411,0.05,0.055,0.0584,244484,78,C#,1,South America
Sun Stars 430 (feat. X),Shawn Mendes,1999,12,Hip-Hop,8174319,0.77,0.578,0.792,0.424,0.258,0.0508,201112,112,C,0,Europe
Dance Sun 100,The Weeknd,2019,7,R&B,11410713,0.706,0.595,0.324,0.265,0.044,0.0015,216398,139,G,1,South America
Sun Sun 226(Remix),Dua Lipa,2013,5,Country,6710778,0.576,0.769,0.158,0.476,0.277,0.017,186186,112,F,0,Global
Shadow Moon 448,Ed Sheeran,2013,9,Country,4541027,0.468,0.616,0.733,0.221,0.14,0.253,253178,118,A,0,North America
Heart Dream 547Part II,Beyonce,1996,10,Hip-Hop,3079331,0.227,0.413,0.332,0.229,0.02,0.0455,176793,136,G,0,Europe
Fire Moon 571 - Live,Imagine Dragons,2009,1,Country,31279052,0.695,0.5,0.699,0.378,0.194,0.1621,205307,103,C,1,South America
Dream Light 213,Justin Bieber,2020,4,Electronic,13192739,0.318,0.706,0.483,0.26,0.088,0.0292,165114,117,B,0,South America
Heart Night 359 - Live,Shawn Mendes,2015,6,Pop,5031273,0.689,1.0,0.514,0.505,0.107,0.1055,210587,93,G,0,Europe
Night Rain 171,Post Malone,2009,5,Pop,31717190,0.537,0.235,0.286,0.554,0.021,0.0003,228851,105,G,0,Europe
Dance Night 98,Shawn Mendes,2010,5,Electronic,8134976,0.806,0.79,0.545,0.2,0.159,0.1165,121788,149,C,1,South America
Sun Rain 292(Remix),BTS,2003,2,R&B,1436766,0.554,0.661,0.683,0.295,0.13,0.0202,182624,113,G#,1,Global
Sun Dream 215,Bruno Mars,2004,12,Latin,32413077,0.345,0.601,0.664,0.49,0.18,0.0402,221312,60,C#,0,Asia
Rain Fire 61 (feat. X),Bruno Mars,1996,4,Country,23767278,0.671,0.595,0.664,0.371,0.029,0.0001,225890,73,A#,1,Africa
Light Shadow 406,Drake,2009,5,Country,22491353,0.53,0.901,0.507,0.215,0.023,0.0108,171893,116,B,1,Global
Shadow Fire 47,Taylor Swift,2008,5,Hip-Hop,8678758,0.544,0.807,0.152,0.268,0.012,0.007,171510,104,F,1,Oceania
Sun Night 32 (feat. X),Ed Sheeran,2011,4,Hip-Hop,18769168,0.755,0.333,0.553,0.291,0.073,0.0374,159545,74,D,0,Africa
Dance Love 417Part II,The Weeknd,2004,5,Latin,1362878,0.282,0.71,0.492,0.235,0.143,0.1126,267517,133,G,1,North America
Shadow Light 267,Bad Bunny,1997,7,Indie,19220822,0.465,0.709,0.338,0.228,0.374,0.1236,259911,116,F#,1,Asia
Light Fire 327 - Live,Taylor Swift,2004,9,Hip-Hop,6223345,0.415,0.523,0.527,0.189,0.202,0.0223,211046,82,E,0,Oceania
Sun Dance 200Part II,Imagine Dragons,1995,1,Latin,839981,0.678,0.658,0.534,0.115,0.412,0.0001,196553,148,C,0,Europe
Fire Sun 134 - Live,Beyonce,2019,12,Electronic,20670497,0.864,0.59,0.745,0.45,0.04,0.1439,142593,113,F#,1,Africa
Night Dance 27 (feat. X),Coldplay,2018,9,Pop,6645079,0.923,0.721,0.375,0.172,0.13,0.0557,217680,129,G#,0,Africa
Fire Fire 524,Billie Eilish,1993,6,Latin,2129846,0.42,0.523,0.422,0.519,0.116,0.0275,236489,120,B,1,Oceania
Stars Stars 505Part II,Billie Eilish,2006,11,Pop,5048722,0.814,0.503,0.642,0.145,0.069,0.1974,246493,113,D#,1,Global
Moon Shadow 230,Shawn Mendes,2020,2,Pop,3356492,0.465,0.465,0.251,0.049,0.276,0.0198,150176,98,G,1,Oceania
Night Heart 489,Bad Bunny,2003,10,Indie,27629014,0.634,0.722,0.358,0.168,0.091,0.0031,185522,86,A,1,Asia
Fire Dream 260,Coldplay,2020,12,Electronic,21401320,0.346,0.424,1.0,0.191,0.358,0.0163,187473,69,D,1,Asia
Night Love 378 - Live,BTS,1996,12,Electronic,14851723,0.427,0.62,0.577,0.185,0.212,0.0554,186212,159,G#,1,Asia
Dream Dream 288,Dua Lipa,2011,11,R&B,8998632,0.42,0.726,0.418,0.286,0.248,0.0577,194271,141,G#,1,South America
Dream Light 418,Ed Sheeran,2021,9,Electronic,8226337,0.371,0.535,0.739,0.249,0.061,0.0028,224658,133,C#,0,Oceania
Love Night 391Part II,Shawn Mendes,2014,11,Indie,10755340,0.673,0.89,0.189,0.205,0.01,0.0447,205305,79,F#,0,North America
Love Love 498,Indie Artist 41,2021,4,Country,15701899,0.636,0.382,0.312,0.289,0.011,0.003,248801,118,E,0,Oceania
Dance Night 138,Beyonce,2019,6,Pop,12928461,0.828,0.482,0.671,0.071,0.03,0.0046,173024,124,D#,0,Oceania
Night Light 62Part II,Bruno Mars,2010,9,Electronic,6947362,0.503,0.651,0.341,0.441,0.047,0.0825,197672,97,D#,1,Europe
Heart Light 471 (feat. X),BTS,2018,3,R&B,7995938,0.515,0.481,0.381,0.349,0.017,0.0482,222512,90,G,1,Global
Stars Sun 128,Indie Artist 17,2013,8,Latin,3426350,0.818,0.491,0.844,0.59,0.042,0.0117,189308,115,E,0,Oceania
Dance Light 583,Post Malone,2001,11,Latin,1195595,0.556,0.582,0.617,0.088,0.247,0.066,267019,117,C#,1,Asia
Sun Dance 520,Ed Sheeran,2017,2,Latin,30238543,0.46,0.614,0.779,0.22,0.15,0.0077,221422,140,G#,0,Africa
Sun Dance 64,Billie Eilish,1990,10,Indie,3610232,0.518,0.671,0.204,0.346,0.148,0.0821,183755,64,C,0,Asia
Shadow Sun 14 (feat. X),Beyonce,2000,7,Hip-Hop,3764095,0.231,0.566,0.49,0.131,0.094,0.0426,257461,92,E,1,Europe
Night Light 156,Taylor Swift,2015,6,Indie,3803405,0.525,0.511,0.333,0.033,0.111,0.0018,247911,93,D#,1,Asia
Rain Love 40(Remix),Ariana Grande,2001,12,Latin,49605246,0.849,0.762,0.459,0.177,0.236,0.0035,231676,122,F,0,North America
Shadow Stars 492,Justin Bieber,1991,2,Electronic,5809696,0.665,0.467,0.431,0.279,0.013,0.0942,261354,97,D,0,Africa
Sun Dream 379,Beyonce,2012,11,Pop,31556519,0.523,0.771,0.342,0.119,0.371,0.0171,268000,115,F#,0,Asia
Sun Dream 187 (feat. X),Bruno Mars,2019,8,Rock,3053403,0.548,0.325,0.16,0.105,0.23,0.0005,177901,120,F#,0,Oceania
Sun Heart 216 (feat. X),Shawn Mendes,1993,11,R&B,1346746,0.506,0.512,0.627,0.366,0.028,0.1293,192626,99,F#,0,Europe
Sun Rain 52,Justin Bieber,2005,5,Indie,3093901,0.554,0.631,0.36,0.257,0.076,0.0093,155277,137,F#,1,Africa
Stars Sun 337 (feat. X),Indie Artist 35,2005,2,Rock,1303672,0.605,0.927,0.299,0.256,0.064,0.0,227722,105,C,1,Asia
Night Heart 295,Ed Sheeran,2021,1,Pop,28135101,0.54,0.415,0.284,0.419,0.001,0.013,217188,124,F#,1,Africa
Shadow Moon 251 - Live,Drake,1990,3,R&B,242101,0.424,1.0,0.452,0.265,0.297,0.0048,163651,99,G#,0,Asia
Light Dream 461 - Live,Shawn Mendes,2007,11,Latin,7239636,0.876,0.62,0.378,0.224,0.003,0.0365,204383,130,B,0,Asia
Night Heart 455,Bad Bunny,2008,1,R&B,71963735,0.401,0.595,0.772,0.189,0.218,0.3378,213230,129,A,1,Global
Heart Fire 597Part II,Imagine Dragons,2008,10,Rock,36756538,0.589,0.613,1.0,0.498,0.215,0.0,165659,107,C#,1,South America
Sun Dream 269,Imagine Dragons,2023,8,Pop,22182870,0.658,0.6,0.442,0.123,0.048,0.012,217206,135,D#,0,Europe
Rain Night 201 (feat. X),Billie Eilish,2010,8,Indie,23717914,0.509,0.562,0.801,0.205,0.219,0.0022,194485,130,F,1,Africa
Rain Fire 161 (feat. X),Adele,2005,2,Latin,3537872,0.557,0.459,0.847,0.13,0.073,0.0436,220606,104,D,1,Europe
Stars Rain 401Part II,Beyonce,1994,11,Indie,16108617,0.613,0.639,0.627,0.291,0.283,0.0434,205585,96,D,0,Oceania
Stars Shadow 476,Shawn Mendes,2020,9,R&B,7649555,0.54,0.728,0.686,0.256,0.06,0.0539,226442,112,A#,1,Oceania
Rain Dance 105,Bad Bunny,2005,10,Pop,37702926,0.621,0.09,0.503,0.074,0.276,0.0641,220953,78,G,0,Africa
Dance Love 389,Imagine Dragons,2019,4,R&B,7039173,0.747,1.0,0.521,0.154,0.039,0.0731,162857,91,A#,1,Europe
Night Moon 1,Indie Artist 87,2002,4,Hip-Hop,37177241,0.657,0.897,0.235,0.367,0.039,0.001,202422,85,C,0,North America
Shadow Love 558 - Live,Coldplay,2010,11,Indie,20183069,0.715,0.866,0.549,0.196,0.03,0.0037,182249,100,C#,1,Europe
Stars Love 80,Imagine Dragons,1998,6,Country,26930629,0.539,0.428,0.585,0.632,0.068,0.0568,239571,110,F,0,North America
Love Light 205 (feat. X),Bruno Mars,1996,1,Latin,17302488,0.58,0.837,0.387,0.569,0.101,0.0248,249605,134,F,1,Africa
Stars Rain 34 - Live,Post Malone,2013,7,Rock,8626221,0.504,0.504,0.375,0.187,0.097,0.1035,188843,95,A#,1,Europe
Dance Dance 508(Remix),Post Malone,2020,2,Electronic,20687859,0.372,0.504,0.461,0.481,0.134,0.102,217331,121,E,0,South America
Love Light 427,Coldplay,2022,5,Pop,1906493,0.4,0.555,0.567,0.349,0.03,0.0986,210375,79,E,1,Europe
Shadow Love 454,Taylor Swift,1995,6,Rock,20651845,0.487,0.58,0.391,0.327,0.095,0.0546,210220,128,B,0,Africa
Light Love 366 - Live,Bad Bunny,2012,6,Latin,3510606,0.541,0.463,0.348,0.223,0.128,0.0987,227912,87,G,1,North America
Fire Night 91,Drake,2015,8,Indie,5391499,0.585,0.603,0.642,0.231,0.17,0.0,290343,100,F#,0,Asia
Fire Light 339,Coldplay,2010,10,Indie,3508215,0.309,0.76,0.237,0.029,0.118,0.0208,205289,85,B,1,North America
Light Night 345,Taylor Swift,2002,9,Hip-Hop,35999584,0.623,0.485,0.907,0.31,0.21,0.0001,173724,111,G,1,Oceania
Light Fire 241,Ariana Grande,2019,3,Pop,211837,0.614,0.493,0.392,0.549,0.125,0.0353,235502,118,G#,1,Africa
Moon Night 13,Ariana Grande,1993,1,Latin,24817616,0.728,0.488,0.353,0.335,0.332,0.0298,243587,140,F#,1,South America
Dance Rain 315 (feat. X),Adele,2014,8,Indie,284542,0.592,0.784,0.462,0.17,0.048,0.0114,221002,119,B,0,Africa
Moon Moon 387Part II,Drake,1990,11,Hip-Hop,31027512,0.431,0.332,0.582,0.074,0.071,0.0009,209846,117,C#,0,North America
Fire Sun 273 - Live,Bruno Mars,1990,12,Latin,8762857,0.71,0.614,0.398,0.518,0.021,0.0057,172915,135,C,0,North America
Moon Heart 166,Ariana Grande,2011,6,Latin,622760,0.782,0.552,0.382,0.33,0.114,0.0228,249859,116,C#,1,Africa
Sun Dream 594Part II,Taylor Swift,1992,8,Pop,1547859,0.669,0.616,0.651,0.103,0.481,0.0041,215721,114,E,1,Africa
Stars Stars 484 (feat. X),Taylor Swift,2008,2,Electronic,10029437,0.584,0.388,0.818,0.145,0.147,0.1439,167788,75,A#,1,Africa
Stars Stars 585,Coldplay,1994,8,Indie,8727910,0.628,0.335,0.576,0.314,0.124,0.1092,207146,81,E,1,Europe
Heart Sun 504,The Weeknd,2015,4,Electronic,391762,0.66,0.458,0.591,0.102,0.075,0.0326,174121,115,F#,0,North America
Sun Stars 243,Billie Eilish,2009,4,Country,29557969,0.531,0.533,0.501,0.417,0.023,0.0071,181236,82,B,1,North America
Sun Rain 562,Beyonce,1998,10,Country,5662092,0.231,0.423,0.477,0.425,0.008,0.0098,206923,120,A,1,Asia
Love Stars 189(Remix),Coldplay,2011,1,R&B,3632126,0.506,0.711,0.856,0.253,0.082,0.0333,203163,122,B,1,North America
Shadow Stars 475,Coldplay,2015,12,Indie,2703249,0.565,0.098,0.578,0.131,0.354,0.3716,199426,152,G#,0,Africa
Shadow Heart 510 (feat. X),Adele,1999,2,Indie,12813319,0.766,0.532,0.752,0.12,0.101,0.0272,145830,106,C#,0,Africa
Dance Heart 58 - Live,Imagine Dragons,2016,7,Hip-Hop,7510475,0.892,0.617,0.364,0.086,0.327,0.1249,167785,134,D,0,Oceania
Love Night 474Part II,Bruno Mars,2006,11,Pop,5145470,0.551,0.638,0.702,0.185,0.034,0.0012,238214,113,A#,1,Africa
Moon Stars 560Part II,Indie Artist 93,2013,7,Rock,2274424,0.567,0.297,0.596,0.05,0.272,0.0043,203843,105,E,0,Asia
Dance Dream 252,Imagine Dragons,2020,10,Pop,13277373,0.498,0.075,0.605,0.087,0.071,0.0314,221012,107,E,0,Europe
Fire Night 21Part II,Coldplay,2022,2,Rock,1997634,0.627,1.0,0.459,0.226,0.234,0.0408,180311,107,C,0,Global
Rain Light 313,Billie Eilish,1990,7,Rock,7009226,0.692,0.611,0.379,0.386,0.023,0.0014,221941,117,A#,1,Europe
Heart Shadow 459Part II,Ed Sheeran,2005,2,Pop,245325,0.707,1.0,0.591,0.263,0.025,0.0911,194440,144,G#,0,Africa
Sun Shadow 160Part II,Shawn Mendes,2006,1,Indie,2109664,0.624,0.61,0.845,0.395,0.101,0.0356,222764,133,C,0,South America
Dance Love 276Part II,Indie Artist 55,2017,7,Electronic,8441171,0.597,0.652,0.264,0.258,0.134,0.002,212592,101,A#,1,Africa
Rain Fire 191 (feat. X),Taylor Swift,1999,5,Hip-Hop,3402002,0.481,0.694,0.133,0.03,0.011,0.0754,245476,156,D,1,Oceania
Dance Sun 385,Imagine Dragons,2004,2,Hip-Hop,5960198,0.476,0.375,0.82,0.062,0.079,0.0735,192646,108,G#,0,Asia
Heart Moon 413,Ed Sheeran,1996,1,Pop,2512808,0.471,0.524,0.624,0.393,0.055,0.4151,215862,124,G,0,Europe
Rain Light 491,Post Malone,2023,10,Rock,1140462,0.416,0.771,0.749,0.405,0.023,0.0141,188799,124,F,0,North America
Dance Dream 343,Imagine Dragons,2018,8,Indie,541795,0.532,0.831,0.709,0.276,0.137,0.019,191852,119,A#,1,Asia
Rain Rain 308Part II,Bad Bunny,2022,7,Hip-Hop,3986587,0.422,0.959,0.409,0.335,0.218,0.0021,206669,94,G,0,North America
Heart Love 130Part II,Drake,2003,11,Country,29411412,0.682,0.577,0.566,0.49,0.108,0.0036,224480,102,G#,0,Europe
Fire Shadow 99 (feat. X),Drake,2016,1,Latin,14152627,0.564,0.526,0.351,0.447,0.043,0.1106,192184,133,A,0,South America
Rain Night 372,Billie Eilish,2018,4,Pop,5614157,0.479,0.56,0.291,0.529,0.137,0.0511,234733,111,F,0,North America
Stars Dream 87Part II,Coldplay,2010,1,Latin,6754428,0.502,0.27,0.602,0.252,0.035,0.0011,222727,112,C,0,Global
Light Love 458,Adele,2021,12,Hip-Hop,5415392,0.601,0.267,0.091,0.125,0.188,0.0175,160929,104,G#,0,Europe
Shadow Light 330 (feat. X),The Weeknd,2021,2,R&B,6073776,0.552,0.315,0.728,0.084,0.08,0.0983,207737,143,E,0,Europe
Dream Fire 214 (feat. X),Adele,2017,10,Electronic,10749535,0.629,0.702,0.29,0.281,0.257,0.0024,186761,118,G,0,South America
Moon Shadow 466,Beyonce,1996,12,Hip-Hop,5137583,0.637,0.161,0.463,0.152,0.194,0.047,231501,117,D,0,Africa
Dance Rain 121,Taylor Swift,2020,6,Hip-Hop,13402646,0.448,0.483,0.654,0.234,0.134,0.0107,183946,99,G#,0,Asia
Light Rain 20,Adele,2004,8,Country,20661695,0.56,0.424,0.411,0.21,0.348,0.0039,183274,63,A#,1,South America
Fire Shadow 71(Remix),Dua Lipa,1996,4,Pop,4376558,0.477,0.223,0.618,0.424,0.01,0.0007,193072,113,A#,0,North America
Rain Sun 106(Remix),The Weeknd,1996,2,Hip-Hop,12654217,0.723,0.443,0.725,0.05,0.059,0.0013,194603,79,G#,1,North America
Heart Sun 270,Indie Artist 87,2017,3,Country,15004698,0.649,0.35,0.461,0.505,0.068,0.0876,188191,60,D#,0,Europe
Rain Love 435,Drake,2017,4,Rock,33481330,0.41,0.774,0.338,0.312,0.253,0.0199,175336,124,C,0,Oceania
Heart Light 102,Billie Eilish,1995,2,Pop,26341901,0.404,0.056,0.537,0.364,0.26,0.0339,194731,73,E,1,Asia
